id,keyword,priority,priorityStatus,intent,geographicModifier,nearMe,estimatedDemand,demandScope,currentRanking,currentLandingURL,preferredLandingURL,localPackPresence,organicPresence,difficulty,commercialImportance,action,historicalExactQueryRows,historicalSource,competitorCandidates
local-001,lawyer near me,P0,PROVISIONAL_BUSINESS_RELEVANCE; realistic opportunity awaits local demand and competitiveness data,Firm/entity discovery; do not force broad firm searches onto one specialist service.,,True,,,,,https://paullegalassociates.com/,,,,High within the stated service boundary,"Measure India demand and local competition, then test preferred landing discovery; preserve current metadata/content until evidence identifies a gap","[{""keys"":[""https://paullegalassociates.com/"",""lawyer near me""],""clicks"":0,""impressions"":10,""ctr"":0,""position"":10.6}]",GSC_Query_Pages_2026-10-05.json; disclosed query/page snapshot through 2026-10-02; range not re-inferred,"[""hawelikar"",""expert-jurist""]"
local-002,advocate near me,P0,PROVISIONAL_BUSINESS_RELEVANCE; realistic opportunity awaits local demand and competitiveness data,Firm/entity discovery; do not force broad firm searches onto one specialist service.,,True,,,,,https://paullegalassociates.com/,,,,High within the stated service boundary,"Measure India demand and local competition, then test preferred landing discovery; preserve current metadata/content until evidence identifies a gap","[{""keys"":[""https://paullegalassociates.com/"",""advocate near me""],""clicks"":0,""impressions"":3,""ctr"":0,""position"":14.666666666666666}]",GSC_Query_Pages_2026-10-05.json; disclosed query/page snapshot through 2026-10-02; range not re-inferred,"[""hawelikar"",""expert-jurist""]"
local-003,law firm near me,P0,PROVISIONAL_BUSINESS_RELEVANCE; realistic opportunity awaits local demand and competitiveness data,Firm/entity discovery; do not force broad firm searches onto one specialist service.,,True,,,,,https://paullegalassociates.com/,,,,High within the stated service boundary,"Measure India demand and local competition, then test preferred landing discovery; preserve current metadata/content until evidence identifies a gap","[{""keys"":[""https://paullegalassociates.com/"",""law firm near me""],""clicks"":0,""impressions"":10,""ctr"":0,""position"":9},{""keys"":[""https://paullegalassociates.com/#/contact"",""law firm near me""],""clicks"":0,""impressions"":1,""ctr"":0,""position"":7}]",GSC_Query_Pages_2026-10-05.json; disclosed query/page snapshot through 2026-10-02; range not re-inferred,"[""hawelikar"",""expert-jurist""]"
local-004,legal services near me,P0,PROVISIONAL_BUSINESS_RELEVANCE; realistic opportunity awaits local demand and competitiveness data,Firm/entity discovery; do not force broad firm searches onto one specialist service.,,True,,,,,https://paullegalassociates.com/,,,,High within the stated service boundary,"Measure India demand and local competition, then test preferred landing discovery; preserve current metadata/content until evidence identifies a gap",[],GSC_Query_Pages_2026-10-05.json; disclosed query/page snapshot through 2026-10-02; range not re-inferred,"[""hawelikar"",""expert-jurist""]"
local-005,law firm Panvel,P0,PROVISIONAL_BUSINESS_RELEVANCE; realistic opportunity awaits local demand and competitiveness data,Firm/entity discovery; do not force broad firm searches onto one specialist service.,Panvel,False,,,,,https://paullegalassociates.com/,,,,High within the stated service boundary,"Measure India demand and local competition, then test preferred landing discovery; preserve current metadata/content until evidence identifies a gap",[],GSC_Query_Pages_2026-10-05.json; disclosed query/page snapshot through 2026-10-02; range not re-inferred,"[""hawelikar"",""expert-jurist""]"
local-006,lawyer Panvel,P0,PROVISIONAL_BUSINESS_RELEVANCE; realistic opportunity awaits local demand and competitiveness data,Firm/entity discovery; do not force broad firm searches onto one specialist service.,Panvel,False,,,,,https://paullegalassociates.com/,,,,High within the stated service boundary,"Measure India demand and local competition, then test preferred landing discovery; preserve current metadata/content until evidence identifies a gap","[{""keys"":[""https://paullegalassociates.com/"",""lawyer panvel""],""clicks"":0,""impressions"":1,""ctr"":0,""position"":11}]",GSC_Query_Pages_2026-10-05.json; disclosed query/page snapshot through 2026-10-02; range not re-inferred,"[""hawelikar"",""expert-jurist""]"
local-007,advocate Panvel,P0,PROVISIONAL_BUSINESS_RELEVANCE; realistic opportunity awaits local demand and competitiveness data,Firm/entity discovery; do not force broad firm searches onto one specialist service.,Panvel,False,,,,,https://paullegalassociates.com/,,,,High within the stated service boundary,"Measure India demand and local competition, then test preferred landing discovery; preserve current metadata/content until evidence identifies a gap","[{""keys"":[""https://paullegalassociates.com/"",""advocate panvel""],""clicks"":0,""impressions"":1,""ctr"":0,""position"":17}]",GSC_Query_Pages_2026-10-05.json; disclosed query/page snapshot through 2026-10-02; range not re-inferred,"[""hawelikar"",""expert-jurist""]"
local-008,law firm Navi Mumbai,P0,PROVISIONAL_BUSINESS_RELEVANCE; realistic opportunity awaits local demand and competitiveness data,Firm/entity discovery; do not force broad firm searches onto one specialist service.,Navi Mumbai,False,,,,,https://paullegalassociates.com/,,,,High within the stated service boundary,"Measure India demand and local competition, then test preferred landing discovery; preserve current metadata/content until evidence identifies a gap","[{""keys"":[""https://paullegalassociates.com/"",""law firm navi mumbai""],""clicks"":1,""impressions"":1,""ctr"":100,""position"":23},{""keys"":[""https://paullegalassociates.com/#/contact"",""law firm navi mumbai""],""clicks"":0,""impressions"":1,""ctr"":0,""position"":23}]",GSC_Query_Pages_2026-10-05.json; disclosed query/page snapshot through 2026-10-02; range not re-inferred,"[""hawelikar"",""expert-jurist""]"
local-009,lawyer Navi Mumbai,P0,PROVISIONAL_BUSINESS_RELEVANCE; realistic opportunity awaits local demand and competitiveness data,Firm/entity discovery; do not force broad firm searches onto one specialist service.,Navi Mumbai,False,,,,,https://paullegalassociates.com/,,,,High within the stated service boundary,"Measure India demand and local competition, then test preferred landing discovery; preserve current metadata/content until evidence identifies a gap",[],GSC_Query_Pages_2026-10-05.json; disclosed query/page snapshot through 2026-10-02; range not re-inferred,"[""hawelikar"",""expert-jurist""]"
local-010,advocate Navi Mumbai,P0,PROVISIONAL_BUSINESS_RELEVANCE; realistic opportunity awaits local demand and competitiveness data,Firm/entity discovery; do not force broad firm searches onto one specialist service.,Navi Mumbai,False,,,,,https://paullegalassociates.com/,,,,High within the stated service boundary,"Measure India demand and local competition, then test preferred landing discovery; preserve current metadata/content until evidence identifies a gap",[],GSC_Query_Pages_2026-10-05.json; disclosed query/page snapshot through 2026-10-02; range not re-inferred,"[""hawelikar"",""expert-jurist""]"
local-011,property lawyer near me,P0,PROVISIONAL_BUSINESS_RELEVANCE; realistic opportunity awaits local demand and competitiveness data,"General asset/legal decision; title, registration and disputes get narrower destinations. Intellectual-property searches are excluded.",,True,,,,,https://paullegalassociates.com/expertise/property-real-estate/,,,,High within the stated service boundary,"Measure India demand and local competition, then test preferred landing discovery; preserve current metadata/content until evidence identifies a gap","[{""keys"":[""https://paullegalassociates.com/"",""property lawyer near me""],""clicks"":0,""impressions"":16,""ctr"":0,""position"":5.75},{""keys"":[""https://paullegalassociates.com/#/contact"",""property lawyer near me""],""clicks"":0,""impressions"":2,""ctr"":0,""position"":1}]",GSC_Query_Pages_2026-10-05.json; disclosed query/page snapshot through 2026-10-02; range not re-inferred,"[""the-counsel"",""pooja-gupta"",""chinmay-chorghe"",""hawelikar""]"
local-012,property lawyer Panvel,P0,PROVISIONAL_BUSINESS_RELEVANCE; realistic opportunity awaits local demand and competitiveness data,"General asset/legal decision; title, registration and disputes get narrower destinations. Intellectual-property searches are excluded.",Panvel,False,,,,,https://paullegalassociates.com/expertise/property-real-estate/,,,,High within the stated service boundary,"Measure India demand and local competition, then test preferred landing discovery; preserve current metadata/content until evidence identifies a gap",[],GSC_Query_Pages_2026-10-05.json; disclosed query/page snapshot through 2026-10-02; range not re-inferred,"[""the-counsel"",""pooja-gupta"",""chinmay-chorghe"",""hawelikar""]"
local-013,property lawyer Navi Mumbai,P0,PROVISIONAL_BUSINESS_RELEVANCE; realistic opportunity awaits local demand and competitiveness data,"General asset/legal decision; title, registration and disputes get narrower destinations. Intellectual-property searches are excluded.",Navi Mumbai,False,,,,,https://paullegalassociates.com/expertise/property-real-estate/,,,,High within the stated service boundary,"Measure India demand and local competition, then test preferred landing discovery; preserve current metadata/content until evidence identifies a gap","[{""keys"":[""https://paullegalassociates.com/"",""property lawyer navi mumbai""],""clicks"":0,""impressions"":6,""ctr"":0,""position"":16.5}]",GSC_Query_Pages_2026-10-05.json; disclosed query/page snapshot through 2026-10-02; range not re-inferred,"[""the-counsel"",""pooja-gupta"",""chinmay-chorghe"",""hawelikar""]"
local-014,real estate lawyer near me,P0,PROVISIONAL_BUSINESS_RELEVANCE; realistic opportunity awaits local demand and competitiveness data,"General asset/legal decision; title, registration and disputes get narrower destinations. Intellectual-property searches are excluded.",,True,,,,,https://paullegalassociates.com/expertise/property-real-estate/,,,,High within the stated service boundary,"Measure India demand and local competition, then test preferred landing discovery; preserve current metadata/content until evidence identifies a gap","[{""keys"":[""https://paullegalassociates.com/"",""real estate lawyer near me""],""clicks"":0,""impressions"":2,""ctr"":0,""position"":5}]",GSC_Query_Pages_2026-10-05.json; disclosed query/page snapshot through 2026-10-02; range not re-inferred,"[""the-counsel"",""pooja-gupta"",""chinmay-chorghe"",""hawelikar""]"
local-015,real estate lawyer Panvel,P0,PROVISIONAL_BUSINESS_RELEVANCE; realistic opportunity awaits local demand and competitiveness data,"General asset/legal decision; title, registration and disputes get narrower destinations. Intellectual-property searches are excluded.",Panvel,False,,,,,https://paullegalassociates.com/expertise/property-real-estate/,,,,High within the stated service boundary,"Measure India demand and local competition, then test preferred landing discovery; preserve current metadata/content until evidence identifies a gap",[],GSC_Query_Pages_2026-10-05.json; disclosed query/page snapshot through 2026-10-02; range not re-inferred,"[""the-counsel"",""pooja-gupta"",""chinmay-chorghe"",""hawelikar""]"
local-016,CIDCO lawyer,P0,PROVISIONAL_BUSINESS_RELEVANCE; realistic opportunity awaits local demand and competitiveness data,CIDCO property/allotment/leasehold/transfer intent; first distinguish property work from NAINA planning or acquisition.,,False,,,,,https://paullegalassociates.com/expertise/property-real-estate/,,,,High within the stated service boundary,"Measure India demand and local competition, then test preferred landing discovery; preserve current metadata/content until evidence identifies a gap",[],GSC_Query_Pages_2026-10-05.json; disclosed query/page snapshot through 2026-10-02; range not re-inferred,"[""the-counsel"",""pooja-gupta"",""chinmay-chorghe"",""hawelikar""]"
local-017,property verification lawyer,P0,PROVISIONAL_BUSINESS_RELEVANCE; realistic opportunity awaits local demand and competitiveness data,Ownership/record-review intent.,,False,,,,,https://paullegalassociates.com/expertise/property-title-verification-due-diligence/,,,,High within the stated service boundary,"Measure India demand and local competition, then test preferred landing discovery; preserve current metadata/content until evidence identifies a gap","[{""keys"":[""https://paullegalassociates.com/"",""property verification lawyer""],""clicks"":0,""impressions"":6,""ctr"":0,""position"":1}]",GSC_Query_Pages_2026-10-05.json; disclosed query/page snapshot through 2026-10-02; range not re-inferred,"[""the-counsel"",""pooja-gupta"",""hawelikar""]"
local-018,title verification lawyer,P0,PROVISIONAL_BUSINESS_RELEVANCE; realistic opportunity awaits local demand and competitiveness data,Ownership/record-review intent.,,False,,,,,https://paullegalassociates.com/expertise/property-title-verification-due-diligence/,,,,High within the stated service boundary,"Measure India demand and local competition, then test preferred landing discovery; preserve current metadata/content until evidence identifies a gap",[],GSC_Query_Pages_2026-10-05.json; disclosed query/page snapshot through 2026-10-02; range not re-inferred,"[""the-counsel"",""pooja-gupta"",""hawelikar""]"
local-019,property due diligence lawyer,P0,PROVISIONAL_BUSINESS_RELEVANCE; realistic opportunity awaits local demand and competitiveness data,Ownership/record-review intent.,,False,,,,,https://paullegalassociates.com/expertise/property-title-verification-due-diligence/,,,,High within the stated service boundary,"Measure India demand and local competition, then test preferred landing discovery; preserve current metadata/content until evidence identifies a gap",[],GSC_Query_Pages_2026-10-05.json; disclosed query/page snapshot through 2026-10-02; range not re-inferred,"[""the-counsel"",""pooja-gupta"",""hawelikar""]"
local-020,property verification lawyer Panvel,P0,PROVISIONAL_BUSINESS_RELEVANCE; realistic opportunity awaits local demand and competitiveness data,Ownership/record-review intent.,Panvel,False,,,,,https://paullegalassociates.com/expertise/property-title-verification-due-diligence/,,,,High within the stated service boundary,"Measure India demand and local competition, then test preferred landing discovery; preserve current metadata/content until evidence identifies a gap",[],GSC_Query_Pages_2026-10-05.json; disclosed query/page snapshot through 2026-10-02; range not re-inferred,"[""the-counsel"",""pooja-gupta"",""hawelikar""]"
local-021,title verification lawyer Panvel,P0,PROVISIONAL_BUSINESS_RELEVANCE; realistic opportunity awaits local demand and competitiveness data,Ownership/record-review intent.,Panvel,False,,,,,https://paullegalassociates.com/expertise/property-title-verification-due-diligence/,,,,High within the stated service boundary,"Measure India demand and local competition, then test preferred landing discovery; preserve current metadata/content until evidence identifies a gap",[],GSC_Query_Pages_2026-10-05.json; disclosed query/page snapshot through 2026-10-02; range not re-inferred,"[""the-counsel"",""pooja-gupta"",""hawelikar""]"
local-022,property title verification lawyer Navi Mumbai,P0,PROVISIONAL_BUSINESS_RELEVANCE; realistic opportunity awaits local demand and competitiveness data,Ownership/record-review intent.,Navi Mumbai,False,,,,,https://paullegalassociates.com/expertise/property-title-verification-due-diligence/,,,,High within the stated service boundary,"Measure India demand and local competition, then test preferred landing discovery; preserve current metadata/content until evidence identifies a gap",[],GSC_Query_Pages_2026-10-05.json; disclosed query/page snapshot through 2026-10-02; range not re-inferred,"[""the-counsel"",""pooja-gupta"",""hawelikar""]"
local-023,property documents verification lawyers near me,P0,PROVISIONAL_BUSINESS_RELEVANCE; realistic opportunity awaits local demand and competitiveness data,Ownership/record-review intent.,,True,,,,,https://paullegalassociates.com/expertise/property-title-verification-due-diligence/,,,,High within the stated service boundary,"Measure India demand and local competition, then test preferred landing discovery; preserve current metadata/content until evidence identifies a gap","[{""keys"":[""https://paullegalassociates.com/"",""property documents verification lawyers near me""],""clicks"":0,""impressions"":7,""ctr"":0,""position"":1.4285714285714286}]",GSC_Query_Pages_2026-10-05.json; disclosed query/page snapshot through 2026-10-02; range not re-inferred,"[""the-counsel"",""pooja-gupta"",""hawelikar""]"
local-024,property verification lawyers near me,P0,PROVISIONAL_BUSINESS_RELEVANCE; realistic opportunity awaits local demand and competitiveness data,Ownership/record-review intent.,,True,,,,,https://paullegalassociates.com/expertise/property-title-verification-due-diligence/,,,,High within the stated service boundary,"Measure India demand and local competition, then test preferred landing discovery; preserve current metadata/content until evidence identifies a gap","[{""keys"":[""https://paullegalassociates.com/"",""property verification lawyers near me""],""clicks"":0,""impressions"":2,""ctr"":0,""position"":1}]",GSC_Query_Pages_2026-10-05.json; disclosed query/page snapshot through 2026-10-02; range not re-inferred,"[""the-counsel"",""pooja-gupta"",""hawelikar""]"
local-025,conveyancing lawyer,P1,PROVISIONAL_BUSINESS_RELEVANCE; realistic opportunity awaits local demand and competitiveness data,"Transaction preparation and completion, distinct from the title report.",,False,,,,,https://paullegalassociates.com/expertise/property-transactions-conveyancing/,,,,Supporting; qualify geography and matter type,"Measure India demand and local competition, then test preferred landing discovery; preserve current metadata/content until evidence identifies a gap",[],GSC_Query_Pages_2026-10-05.json; disclosed query/page snapshot through 2026-10-02; range not re-inferred,"[""the-counsel"",""hawelikar""]"
local-026,conveyancing lawyer Panvel,P1,PROVISIONAL_BUSINESS_RELEVANCE; realistic opportunity awaits local demand and competitiveness data,"Transaction preparation and completion, distinct from the title report.",Panvel,False,,,,,https://paullegalassociates.com/expertise/property-transactions-conveyancing/,,,,Supporting; qualify geography and matter type,"Measure India demand and local competition, then test preferred landing discovery; preserve current metadata/content until evidence identifies a gap",[],GSC_Query_Pages_2026-10-05.json; disclosed query/page snapshot through 2026-10-02; range not re-inferred,"[""the-counsel"",""hawelikar""]"
local-027,property registration lawyer near me,P0,PROVISIONAL_BUSINESS_RELEVANCE; realistic opportunity awaits local demand and competitiveness data,Registration-stage documents and authority process.,,True,,,,,https://paullegalassociates.com/expertise/property-registration-services-mumbai-navi-mumbai/,,,,High within the stated service boundary,"Measure India demand and local competition, then test preferred landing discovery; preserve current metadata/content until evidence identifies a gap",[],GSC_Query_Pages_2026-10-05.json; disclosed query/page snapshot through 2026-10-02; range not re-inferred,"[""the-counsel"",""hawelikar""]"
local-028,property registration lawyers near me,P0,PROVISIONAL_BUSINESS_RELEVANCE; realistic opportunity awaits local demand and competitiveness data,Registration-stage documents and authority process.,,True,,,,,https://paullegalassociates.com/expertise/property-registration-services-mumbai-navi-mumbai/,,,,High within the stated service boundary,"Measure India demand and local competition, then test preferred landing discovery; preserve current metadata/content until evidence identifies a gap","[{""keys"":[""https://paullegalassociates.com/"",""property registration lawyers near me""],""clicks"":1,""impressions"":2,""ctr"":50,""position"":7}]",GSC_Query_Pages_2026-10-05.json; disclosed query/page snapshot through 2026-10-02; range not re-inferred,"[""the-counsel"",""hawelikar""]"
local-029,property registration lawyer Panvel,P0,PROVISIONAL_BUSINESS_RELEVANCE; realistic opportunity awaits local demand and competitiveness data,Registration-stage documents and authority process.,Panvel,False,,,,,https://paullegalassociates.com/expertise/property-registration-services-mumbai-navi-mumbai/,,,,High within the stated service boundary,"Measure India demand and local competition, then test preferred landing discovery; preserve current metadata/content until evidence identifies a gap",[],GSC_Query_Pages_2026-10-05.json; disclosed query/page snapshot through 2026-10-02; range not re-inferred,"[""the-counsel"",""hawelikar""]"
local-030,RERA lawyer,P0,PROVISIONAL_BUSINESS_RELEVANCE; realistic opportunity awaits local demand and competitiveness data,Project/buyer/promoter/agent legal issue; preferred focused landing.,,False,,,,,https://paullegalassociates.com/expertise/rera-maharera-legal-services/,,,,High within the stated service boundary,"Measure India demand and local competition, then test preferred landing discovery; preserve current metadata/content until evidence identifies a gap",[],GSC_Query_Pages_2026-10-05.json; disclosed query/page snapshot through 2026-10-02; range not re-inferred,"[""hawelikar"",""expert-jurist"",""chinmay-chorghe""]"
local-031,MahaRERA lawyer,P0,PROVISIONAL_BUSINESS_RELEVANCE; realistic opportunity awaits local demand and competitiveness data,Project/buyer/promoter/agent legal issue; preferred focused landing.,,False,,,,,https://paullegalassociates.com/expertise/rera-maharera-legal-services/,,,,High within the stated service boundary,"Measure India demand and local competition, then test preferred landing discovery; preserve current metadata/content until evidence identifies a gap",[],GSC_Query_Pages_2026-10-05.json; disclosed query/page snapshot through 2026-10-02; range not re-inferred,"[""hawelikar"",""expert-jurist"",""chinmay-chorghe""]"
local-032,RERA lawyer Navi Mumbai,P0,PROVISIONAL_BUSINESS_RELEVANCE; realistic opportunity awaits local demand and competitiveness data,Project/buyer/promoter/agent legal issue; preferred focused landing.,Navi Mumbai,False,,,,,https://paullegalassociates.com/expertise/rera-maharera-legal-services/,,,,High within the stated service boundary,"Measure India demand and local competition, then test preferred landing discovery; preserve current metadata/content until evidence identifies a gap",[],GSC_Query_Pages_2026-10-05.json; disclosed query/page snapshot through 2026-10-02; range not re-inferred,"[""hawelikar"",""expert-jurist"",""chinmay-chorghe""]"
local-033,MahaRERA lawyer Navi Mumbai,P0,PROVISIONAL_BUSINESS_RELEVANCE; realistic opportunity awaits local demand and competitiveness data,Project/buyer/promoter/agent legal issue; preferred focused landing.,Navi Mumbai,False,,,,,https://paullegalassociates.com/expertise/rera-maharera-legal-services/,,,,High within the stated service boundary,"Measure India demand and local competition, then test preferred landing discovery; preserve current metadata/content until evidence identifies a gap",[],GSC_Query_Pages_2026-10-05.json; disclosed query/page snapshot through 2026-10-02; range not re-inferred,"[""hawelikar"",""expert-jurist"",""chinmay-chorghe""]"
local-034,builder dispute lawyer,P0,PROVISIONAL_BUSINESS_RELEVANCE; realistic opportunity awaits local demand and competitiveness data,Project/buyer/promoter/agent legal issue; preferred focused landing.,,False,,,,,https://paullegalassociates.com/expertise/rera-maharera-legal-services/,,,,High within the stated service boundary,"Measure India demand and local competition, then test preferred landing discovery; preserve current metadata/content until evidence identifies a gap",[],GSC_Query_Pages_2026-10-05.json; disclosed query/page snapshot through 2026-10-02; range not re-inferred,"[""hawelikar"",""expert-jurist"",""chinmay-chorghe""]"
local-035,real estate dispute lawyer,P0,PROVISIONAL_BUSINESS_RELEVANCE; realistic opportunity awaits local demand and competitiveness data,Project/buyer/promoter/agent legal issue; preferred focused landing.,,False,,,,,https://paullegalassociates.com/expertise/rera-maharera-legal-services/,,,,High within the stated service boundary,"Measure India demand and local competition, then test preferred landing discovery; preserve current metadata/content until evidence identifies a gap",[],GSC_Query_Pages_2026-10-05.json; disclosed query/page snapshot through 2026-10-02; range not re-inferred,"[""hawelikar"",""expert-jurist"",""chinmay-chorghe""]"
local-036,NAINA lawyer,P0,PROVISIONAL_BUSINESS_RELEVANCE; realistic opportunity awaits local demand and competitiveness data,Town-planning scheme records and asset facts.,,False,,,,,https://paullegalassociates.com/expertise/naina-town-planning-scheme-services/,,,,High within the stated service boundary,"Measure India demand and local competition, then test preferred landing discovery; preserve current metadata/content until evidence identifies a gap",[],GSC_Query_Pages_2026-10-05.json; disclosed query/page snapshot through 2026-10-02; range not re-inferred,[]
local-037,NAINA lawyer Panvel,P0,PROVISIONAL_BUSINESS_RELEVANCE; realistic opportunity awaits local demand and competitiveness data,Town-planning scheme records and asset facts.,Panvel,False,,,,,https://paullegalassociates.com/expertise/naina-town-planning-scheme-services/,,,,High within the stated service boundary,"Measure India demand and local competition, then test preferred landing discovery; preserve current metadata/content until evidence identifies a gap",[],GSC_Query_Pages_2026-10-05.json; disclosed query/page snapshot through 2026-10-02; range not re-inferred,[]
local-038,land acquisition lawyer,P1,PROVISIONAL_BUSINESS_RELEVANCE; realistic opportunity awaits local demand and competitiveness data,"Acquisition notice/award/compensation route, not a generic personal-injury compensation search.",,False,,,,,https://paullegalassociates.com/expertise/land-acquisition-compensation-matters/,,,,Supporting; qualify geography and matter type,"Measure India demand and local competition, then test preferred landing discovery; preserve current metadata/content until evidence identifies a gap",[],GSC_Query_Pages_2026-10-05.json; disclosed query/page snapshot through 2026-10-02; range not re-inferred,"[""expert-jurist""]"
local-039,land compensation lawyer,P1,PROVISIONAL_BUSINESS_RELEVANCE; realistic opportunity awaits local demand and competitiveness data,"Acquisition notice/award/compensation route, not a generic personal-injury compensation search.",,False,,,,,https://paullegalassociates.com/expertise/land-acquisition-compensation-matters/,,,,Supporting; qualify geography and matter type,"Measure India demand and local competition, then test preferred landing discovery; preserve current metadata/content until evidence identifies a gap",[],GSC_Query_Pages_2026-10-05.json; disclosed query/page snapshot through 2026-10-02; range not re-inferred,"[""expert-jurist""]"
local-040,land lawyer Raigad,P1,PROVISIONAL_BUSINESS_RELEVANCE; realistic opportunity awaits local demand and competitiveness data,"Acquisition notice/award/compensation route, not a generic personal-injury compensation search.",Raigad,False,,,,,https://paullegalassociates.com/expertise/land-acquisition-compensation-matters/,,,,Supporting; qualify geography and matter type,"Measure India demand and local competition, then test preferred landing discovery; preserve current metadata/content until evidence identifies a gap",[],GSC_Query_Pages_2026-10-05.json; disclosed query/page snapshot through 2026-10-02; range not re-inferred,"[""expert-jurist""]"
local-041,land acquisition lawyer Raigad,P1,PROVISIONAL_BUSINESS_RELEVANCE; realistic opportunity awaits local demand and competitiveness data,"Acquisition notice/award/compensation route, not a generic personal-injury compensation search.",Raigad,False,,,,,https://paullegalassociates.com/expertise/land-acquisition-compensation-matters/,,,,Supporting; qualify geography and matter type,"Measure India demand and local competition, then test preferred landing discovery; preserve current metadata/content until evidence identifies a gap",[],GSC_Query_Pages_2026-10-05.json; disclosed query/page snapshot through 2026-10-02; range not re-inferred,"[""expert-jurist""]"
local-042,airport land lawyer,P1,PROVISIONAL_BUSINESS_RELEVANCE; realistic opportunity awaits local demand and competitiveness data,Specific airport-area land facts; identify notification/authority before promoting an acquisition remedy.,,False,,,,,https://paullegalassociates.com/expertise/navi-mumbai-airport-land-transactions/,,,,Supporting; qualify geography and matter type,"Measure India demand and local competition, then test preferred landing discovery; preserve current metadata/content until evidence identifies a gap",[],GSC_Query_Pages_2026-10-05.json; disclosed query/page snapshot through 2026-10-02; range not re-inferred,[]
local-043,agricultural land lawyer,P1,PROVISIONAL_BUSINESS_RELEVANCE; realistic opportunity awaits local demand and competitiveness data,Land-use and purchase eligibility/document decision.,,False,,,,,https://paullegalassociates.com/expertise/agricultural-non-agricultural-land-purchase/,,,,Supporting; qualify geography and matter type,"Measure India demand and local competition, then test preferred landing discovery; preserve current metadata/content until evidence identifies a gap",[],GSC_Query_Pages_2026-10-05.json; disclosed query/page snapshot through 2026-10-02; range not re-inferred,[]
local-044,agricultural land lawyer Raigad,P1,PROVISIONAL_BUSINESS_RELEVANCE; realistic opportunity awaits local demand and competitiveness data,Land-use and purchase eligibility/document decision.,Raigad,False,,,,,https://paullegalassociates.com/expertise/agricultural-non-agricultural-land-purchase/,,,,Supporting; qualify geography and matter type,"Measure India demand and local competition, then test preferred landing discovery; preserve current metadata/content until evidence identifies a gap",[],GSC_Query_Pages_2026-10-05.json; disclosed query/page snapshot through 2026-10-02; range not re-inferred,[]
local-045,corporate lawyer near me,P1,PROVISIONAL_BUSINESS_RELEVANCE; realistic opportunity awaits local demand and competitiveness data,Broad business legal decision; drafting/M&A/disputes narrow below.,,True,,,,,https://paullegalassociates.com/expertise/corporate-commercial-advisory/,,,,Supporting; qualify geography and matter type,"Measure India demand and local competition, then test preferred landing discovery; preserve current metadata/content until evidence identifies a gap","[{""keys"":[""https://paullegalassociates.com/"",""corporate lawyer near me""],""clicks"":0,""impressions"":5,""ctr"":0,""position"":3.4}]",GSC_Query_Pages_2026-10-05.json; disclosed query/page snapshot through 2026-10-02; range not re-inferred,"[""hawelikar"",""expert-jurist"",""singh-associates""]"
local-046,corporate lawyer Navi Mumbai,P1,PROVISIONAL_BUSINESS_RELEVANCE; realistic opportunity awaits local demand and competitiveness data,Broad business legal decision; drafting/M&A/disputes narrow below.,Navi Mumbai,False,,,,,https://paullegalassociates.com/expertise/corporate-commercial-advisory/,,,,Supporting; qualify geography and matter type,"Measure India demand and local competition, then test preferred landing discovery; preserve current metadata/content until evidence identifies a gap",[],GSC_Query_Pages_2026-10-05.json; disclosed query/page snapshot through 2026-10-02; range not re-inferred,"[""hawelikar"",""expert-jurist"",""singh-associates""]"
local-047,business lawyer near me,P1,PROVISIONAL_BUSINESS_RELEVANCE; realistic opportunity awaits local demand and competitiveness data,Broad business legal decision; drafting/M&A/disputes narrow below.,,True,,,,,https://paullegalassociates.com/expertise/corporate-commercial-advisory/,,,,Supporting; qualify geography and matter type,"Measure India demand and local competition, then test preferred landing discovery; preserve current metadata/content until evidence identifies a gap","[{""keys"":[""https://paullegalassociates.com/"",""business lawyer near me""],""clicks"":0,""impressions"":2,""ctr"":0,""position"":1},{""keys"":[""https://paullegalassociates.com/#/contact"",""business lawyer near me""],""clicks"":0,""impressions"":1,""ctr"":0,""position"":1}]",GSC_Query_Pages_2026-10-05.json; disclosed query/page snapshot through 2026-10-02; range not re-inferred,"[""hawelikar"",""expert-jurist"",""singh-associates""]"
local-048,commercial lawyer,P1,PROVISIONAL_BUSINESS_RELEVANCE; realistic opportunity awaits local demand and competitiveness data,Broad business legal decision; drafting/M&A/disputes narrow below.,,False,,,,,https://paullegalassociates.com/expertise/corporate-commercial-advisory/,,,,Supporting; qualify geography and matter type,"Measure India demand and local competition, then test preferred landing discovery; preserve current metadata/content until evidence identifies a gap",[],GSC_Query_Pages_2026-10-05.json; disclosed query/page snapshot through 2026-10-02; range not re-inferred,"[""hawelikar"",""expert-jurist"",""singh-associates""]"
local-049,corporate lawyer Panvel,P1,PROVISIONAL_BUSINESS_RELEVANCE; realistic opportunity awaits local demand and competitiveness data,Broad business legal decision; drafting/M&A/disputes narrow below.,Panvel,False,,,,,https://paullegalassociates.com/expertise/corporate-commercial-advisory/,,,,Supporting; qualify geography and matter type,"Measure India demand and local competition, then test preferred landing discovery; preserve current metadata/content until evidence identifies a gap",[],GSC_Query_Pages_2026-10-05.json; disclosed query/page snapshot through 2026-10-02; range not re-inferred,"[""hawelikar"",""expert-jurist"",""singh-associates""]"
local-050,contract lawyer,P1,PROVISIONAL_BUSINESS_RELEVANCE; realistic opportunity awaits local demand and competitiveness data,Specific document work; broad generic contract lawyer impressions alone are not a local-demand signal.,,False,,,,,https://paullegalassociates.com/expertise/contract-drafting-vetting-transaction-documentation/,,,,Supporting; qualify geography and matter type,"Measure India demand and local competition, then test preferred landing discovery; preserve current metadata/content until evidence identifies a gap","[{""keys"":[""https://paullegalassociates.com/"",""contract lawyer""],""clicks"":0,""impressions"":2186,""ctr"":0,""position"":2.0182982616651417},{""keys"":[""https://paullegalassociates.com/#/contact"",""contract lawyer""],""clicks"":0,""impressions"":4,""ctr"":0,""position"":15}]",GSC_Query_Pages_2026-10-05.json; disclosed query/page snapshot through 2026-10-02; range not re-inferred,"[""hawelikar"",""singh-associates""]"
local-051,contract drafting lawyer,P1,PROVISIONAL_BUSINESS_RELEVANCE; realistic opportunity awaits local demand and competitiveness data,Specific document work; broad generic contract lawyer impressions alone are not a local-demand signal.,,False,,,,,https://paullegalassociates.com/expertise/contract-drafting-vetting-transaction-documentation/,,,,Supporting; qualify geography and matter type,"Measure India demand and local competition, then test preferred landing discovery; preserve current metadata/content until evidence identifies a gap",[],GSC_Query_Pages_2026-10-05.json; disclosed query/page snapshot through 2026-10-02; range not re-inferred,"[""hawelikar"",""singh-associates""]"
local-052,commercial litigation lawyer,P1,PROVISIONAL_BUSINESS_RELEVANCE; realistic opportunity awaits local demand and competitiveness data,Dispute diagnosis and forum options.,,False,,,,,https://paullegalassociates.com/expertise/commercial-litigation-arbitration/,,,,Supporting; qualify geography and matter type,"Measure India demand and local competition, then test preferred landing discovery; preserve current metadata/content until evidence identifies a gap",[],GSC_Query_Pages_2026-10-05.json; disclosed query/page snapshot through 2026-10-02; range not re-inferred,"[""expert-jurist"",""singh-associates""]"
local-053,civil lawyer Panvel,P1,PROVISIONAL_BUSINESS_RELEVANCE; realistic opportunity awaits local demand and competitiveness data,Property or commercial civil disputes only; do not imply every civil specialism.,Panvel,False,,,,,https://paullegalassociates.com/expertise/commercial-litigation-arbitration/,,,,Supporting; qualify geography and matter type,"Measure India demand and local competition, then test preferred landing discovery; preserve current metadata/content until evidence identifies a gap",[],GSC_Query_Pages_2026-10-05.json; disclosed query/page snapshot through 2026-10-02; range not re-inferred,"[""expert-jurist"",""singh-associates""]"
local-054,arbitration lawyer,P1,PROVISIONAL_BUSINESS_RELEVANCE; realistic opportunity awaits local demand and competitiveness data,Chosen dispute-resolution process.,,False,,,,,https://paullegalassociates.com/expertise/arbitration-mediation-adr/,,,,Supporting; qualify geography and matter type,"Measure India demand and local competition, then test preferred landing discovery; preserve current metadata/content until evidence identifies a gap",[],GSC_Query_Pages_2026-10-05.json; disclosed query/page snapshot through 2026-10-02; range not re-inferred,"[""expert-jurist""]"
local-055,arbitration lawyer Navi Mumbai,P1,PROVISIONAL_BUSINESS_RELEVANCE; realistic opportunity awaits local demand and competitiveness data,Chosen dispute-resolution process.,Navi Mumbai,False,,,,,https://paullegalassociates.com/expertise/arbitration-mediation-adr/,,,,Supporting; qualify geography and matter type,"Measure India demand and local competition, then test preferred landing discovery; preserve current metadata/content until evidence identifies a gap",[],GSC_Query_Pages_2026-10-05.json; disclosed query/page snapshot through 2026-10-02; range not re-inferred,"[""expert-jurist""]"
local-056,employment lawyer,P1,PROVISIONAL_BUSINESS_RELEVANCE; realistic opportunity awaits local demand and competitiveness data,Workforce facts and applicable law; broad unrelated employment impressions are segmented separately.,,False,,,,,https://paullegalassociates.com/expertise/labour-employment-hr-workplace-compliance/,,,,Supporting; qualify geography and matter type,"Measure India demand and local competition, then test preferred landing discovery; preserve current metadata/content until evidence identifies a gap","[{""keys"":[""https://paullegalassociates.com/"",""employment lawyer""],""clicks"":0,""impressions"":1579,""ctr"":0,""position"":1.6839772007599747}]",GSC_Query_Pages_2026-10-05.json; disclosed query/page snapshot through 2026-10-02; range not re-inferred,"[""singh-associates""]"
local-057,labour lawyer,P1,PROVISIONAL_BUSINESS_RELEVANCE; realistic opportunity awaits local demand and competitiveness data,Workforce facts and applicable law; broad unrelated employment impressions are segmented separately.,,False,,,,,https://paullegalassociates.com/expertise/labour-employment-hr-workplace-compliance/,,,,Supporting; qualify geography and matter type,"Measure India demand and local competition, then test preferred landing discovery; preserve current metadata/content until evidence identifies a gap","[{""keys"":[""https://paullegalassociates.com/"",""labour lawyer""],""clicks"":0,""impressions"":1,""ctr"":0,""position"":1}]",GSC_Query_Pages_2026-10-05.json; disclosed query/page snapshot through 2026-10-02; range not re-inferred,"[""singh-associates""]"
local-058,labour compliance lawyer,P1,PROVISIONAL_BUSINESS_RELEVANCE; realistic opportunity awaits local demand and competitiveness data,Workforce facts and applicable law; broad unrelated employment impressions are segmented separately.,,False,,,,,https://paullegalassociates.com/expertise/labour-employment-hr-workplace-compliance/,,,,Supporting; qualify geography and matter type,"Measure India demand and local competition, then test preferred landing discovery; preserve current metadata/content until evidence identifies a gap",[],GSC_Query_Pages_2026-10-05.json; disclosed query/page snapshot through 2026-10-02; range not re-inferred,"[""singh-associates""]"
local-059,employment lawyer Navi Mumbai,P1,PROVISIONAL_BUSINESS_RELEVANCE; realistic opportunity awaits local demand and competitiveness data,Workforce facts and applicable law; broad unrelated employment impressions are segmented separately.,Navi Mumbai,False,,,,,https://paullegalassociates.com/expertise/labour-employment-hr-workplace-compliance/,,,,Supporting; qualify geography and matter type,"Measure India demand and local competition, then test preferred landing discovery; preserve current metadata/content until evidence identifies a gap",[],GSC_Query_Pages_2026-10-05.json; disclosed query/page snapshot through 2026-10-02; range not re-inferred,"[""singh-associates""]"
local-060,labour law advocate near me,P1,PROVISIONAL_BUSINESS_RELEVANCE; realistic opportunity awaits local demand and competitiveness data,Workforce facts and applicable law; broad unrelated employment impressions are segmented separately.,,True,,,,,https://paullegalassociates.com/expertise/labour-employment-hr-workplace-compliance/,,,,Supporting; qualify geography and matter type,"Measure India demand and local competition, then test preferred landing discovery; preserve current metadata/content until evidence identifies a gap","[{""keys"":[""https://paullegalassociates.com/"",""labour law advocate near me""],""clicks"":0,""impressions"":2,""ctr"":0,""position"":2.5},{""keys"":[""https://paullegalassociates.com/#/contact"",""labour law advocate near me""],""clicks"":0,""impressions"":1,""ctr"":0,""position"":1}]",GSC_Query_Pages_2026-10-05.json; disclosed query/page snapshot through 2026-10-02; range not re-inferred,"[""singh-associates""]"
local-061,POSH consultant,P0,PROVISIONAL_BUSINESS_RELEVANCE; realistic opportunity awaits local demand and competitiveness data,Employer policy/committee/process support; not generic employment dispute intent.,,False,,,,,https://paullegalassociates.com/expertise/posh-compliance-internal-committee/,,,,High within the stated service boundary,"Measure India demand and local competition, then test preferred landing discovery; preserve current metadata/content until evidence identifies a gap",[],GSC_Query_Pages_2026-10-05.json; disclosed query/page snapshot through 2026-10-02; range not re-inferred,"[""expert-jurist"",""singh-associates"",""hawelikar"",""regalwhiz""]"
local-062,POSH lawyer,P0,PROVISIONAL_BUSINESS_RELEVANCE; realistic opportunity awaits local demand and competitiveness data,Employer policy/committee/process support; not generic employment dispute intent.,,False,,,,,https://paullegalassociates.com/expertise/posh-compliance-internal-committee/,,,,High within the stated service boundary,"Measure India demand and local competition, then test preferred landing discovery; preserve current metadata/content until evidence identifies a gap",[],GSC_Query_Pages_2026-10-05.json; disclosed query/page snapshot through 2026-10-02; range not re-inferred,"[""expert-jurist"",""singh-associates"",""hawelikar"",""regalwhiz""]"
local-063,POSH compliance services,P0,PROVISIONAL_BUSINESS_RELEVANCE; realistic opportunity awaits local demand and competitiveness data,Employer policy/committee/process support; not generic employment dispute intent.,,False,,,,,https://paullegalassociates.com/expertise/posh-compliance-internal-committee/,,,,High within the stated service boundary,"Measure India demand and local competition, then test preferred landing discovery; preserve current metadata/content until evidence identifies a gap",[],GSC_Query_Pages_2026-10-05.json; disclosed query/page snapshot through 2026-10-02; range not re-inferred,"[""expert-jurist"",""singh-associates"",""hawelikar"",""regalwhiz""]"
local-064,POSH legal consultant Navi Mumbai,P0,PROVISIONAL_BUSINESS_RELEVANCE; realistic opportunity awaits local demand and competitiveness data,Employer policy/committee/process support; not generic employment dispute intent.,Navi Mumbai,False,,,,,https://paullegalassociates.com/expertise/posh-compliance-internal-committee/,,,,High within the stated service boundary,"Measure India demand and local competition, then test preferred landing discovery; preserve current metadata/content until evidence identifies a gap",[],GSC_Query_Pages_2026-10-05.json; disclosed query/page snapshot through 2026-10-02; range not re-inferred,"[""expert-jurist"",""singh-associates"",""hawelikar"",""regalwhiz""]"
local-065,banking lawyer,P1,PROVISIONAL_BUSINESS_RELEVANCE; realistic opportunity awaits local demand and competitiveness data,Financing/security/enforcement facts.,,False,,,,,https://paullegalassociates.com/expertise/banking-finance-securities-debt-restructuring/,,,,Supporting; qualify geography and matter type,"Measure India demand and local competition, then test preferred landing discovery; preserve current metadata/content until evidence identifies a gap",[],GSC_Query_Pages_2026-10-05.json; disclosed query/page snapshot through 2026-10-02; range not re-inferred,"[""singh-associates"",""hawelikar""]"
local-066,finance lawyer,P1,PROVISIONAL_BUSINESS_RELEVANCE; realistic opportunity awaits local demand and competitiveness data,Financing/security/enforcement facts.,,False,,,,,https://paullegalassociates.com/expertise/banking-finance-securities-debt-restructuring/,,,,Supporting; qualify geography and matter type,"Measure India demand and local competition, then test preferred landing discovery; preserve current metadata/content until evidence identifies a gap",[],GSC_Query_Pages_2026-10-05.json; disclosed query/page snapshot through 2026-10-02; range not re-inferred,"[""singh-associates"",""hawelikar""]"
local-067,debt recovery lawyer,P1,PROVISIONAL_BUSINESS_RELEVANCE; realistic opportunity awaits local demand and competitiveness data,Commercial receivables and statutory notice/process.,,False,,,,,https://paullegalassociates.com/expertise/debt-recovery-cheque-bounce-msme-disputes/,,,,Supporting; qualify geography and matter type,"Measure India demand and local competition, then test preferred landing discovery; preserve current metadata/content until evidence identifies a gap",[],GSC_Query_Pages_2026-10-05.json; disclosed query/page snapshot through 2026-10-02; range not re-inferred,"[""singh-associates"",""hawelikar""]"
local-068,debt recovery lawyer Navi Mumbai,P1,PROVISIONAL_BUSINESS_RELEVANCE; realistic opportunity awaits local demand and competitiveness data,Commercial receivables and statutory notice/process.,Navi Mumbai,False,,,,,https://paullegalassociates.com/expertise/debt-recovery-cheque-bounce-msme-disputes/,,,,Supporting; qualify geography and matter type,"Measure India demand and local competition, then test preferred landing discovery; preserve current metadata/content until evidence identifies a gap",[],GSC_Query_Pages_2026-10-05.json; disclosed query/page snapshot through 2026-10-02; range not re-inferred,"[""singh-associates"",""hawelikar""]"
local-069,GST lawyer,P1,PROVISIONAL_BUSINESS_RELEVANCE; realistic opportunity awaits local demand and competitiveness data,"Legal notice/dispute route, distinct from routine operational tax/finance work.",,False,,,,,https://paullegalassociates.com/expertise/taxation-gst-fiscal-litigation/,,,,Supporting; qualify geography and matter type,"Measure India demand and local competition, then test preferred landing discovery; preserve current metadata/content until evidence identifies a gap",[],GSC_Query_Pages_2026-10-05.json; disclosed query/page snapshot through 2026-10-02; range not re-inferred,[]
local-070,tax litigation lawyer,P1,PROVISIONAL_BUSINESS_RELEVANCE; realistic opportunity awaits local demand and competitiveness data,"Legal notice/dispute route, distinct from routine operational tax/finance work.",,False,,,,,https://paullegalassociates.com/expertise/taxation-gst-fiscal-litigation/,,,,Supporting; qualify geography and matter type,"Measure India demand and local competition, then test preferred landing discovery; preserve current metadata/content until evidence identifies a gap",[],GSC_Query_Pages_2026-10-05.json; disclosed query/page snapshot through 2026-10-02; range not re-inferred,[]
local-071,FEMA lawyer,P1,PROVISIONAL_BUSINESS_RELEVANCE; realistic opportunity awaits local demand and competitiveness data,Legal-regulatory transaction issue.,,False,,,,,https://paullegalassociates.com/expertise/international-trade-fema-cross-border-business/,,,,Supporting; qualify geography and matter type,"Measure India demand and local competition, then test preferred landing discovery; preserve current metadata/content until evidence identifies a gap",[],GSC_Query_Pages_2026-10-05.json; disclosed query/page snapshot through 2026-10-02; range not re-inferred,[]
local-072,shipping lawyer,P2,PROVISIONAL_BUSINESS_RELEVANCE; realistic opportunity awaits local demand and competitiveness data,Core existing service; eight held acquisition articles remain noindex until substantive review.,,False,,,,,https://paullegalassociates.com/expertise/maritime-shipping-admiralty-law/,,,,Supporting; qualify geography and matter type,"Measure India demand and local competition, then test preferred landing discovery; preserve current metadata/content until evidence identifies a gap",[],GSC_Query_Pages_2026-10-05.json; disclosed query/page snapshot through 2026-10-02; range not re-inferred,[]
local-073,maritime lawyer,P2,PROVISIONAL_BUSINESS_RELEVANCE; realistic opportunity awaits local demand and competitiveness data,Core existing service; eight held acquisition articles remain noindex until substantive review.,,False,,,,,https://paullegalassociates.com/expertise/maritime-shipping-admiralty-law/,,,,Supporting; qualify geography and matter type,"Measure India demand and local competition, then test preferred landing discovery; preserve current metadata/content until evidence identifies a gap",[],GSC_Query_Pages_2026-10-05.json; disclosed query/page snapshot through 2026-10-02; range not re-inferred,[]
local-074,admiralty lawyer,P2,PROVISIONAL_BUSINESS_RELEVANCE; realistic opportunity awaits local demand and competitiveness data,Core existing service; eight held acquisition articles remain noindex until substantive review.,,False,,,,,https://paullegalassociates.com/expertise/maritime-shipping-admiralty-law/,,,,Supporting; qualify geography and matter type,"Measure India demand and local competition, then test preferred landing discovery; preserve current metadata/content until evidence identifies a gap",[],GSC_Query_Pages_2026-10-05.json; disclosed query/page snapshot through 2026-10-02; range not re-inferred,[]
excluded-075,education near me,IRRELEVANT,EXCLUDED,,,,,,,,,,,,,,[],,[]
excluded-076,restaurant near me,IRRELEVANT,EXCLUDED,,,,,,,,,,,,,,[],,[]
excluded-077,doctor near me,IRRELEVANT,EXCLUDED,,,,,,,,,,,,,,[],,[]
